id                                  , Name, Surname, Text                   , Emotion_Pipeline, Confidence_Pipeline, Emotion_Roberta                     , Confidence_Roberta                                              , Emotion_Qwen, agreement, G_T
664f8c83-41b8-4916-b1cc-5d41be913057, ma  , nu     , sad                    , sadness         ,  0.9858205318450928, "['sadness', 'surprise', 'neutral']", "[0.919236421585083, 0.04836713895201683, 0.018496882170438766]", sadness     , full     , "[""SADNESS""]"
89aff752-d62c-4607-9516-30ed4518564c, ma  , nu     , i kill                 , neutral         ,  0.3999377191066742, "['fear', 'anger', 'sadness']"      , "[0.5333072543144226, 0.36743995547294617, 0.04880526289343834]", anger       , none     , "[""ANGER"", ""SADNESS""]"
4374898f-552e-4176-b154-cab34c4caab3, ma  , nu     , i hit myself           , neutral         ,  0.6073895692825317, "['sadness', 'fear', 'surprise']"   , "[0.6039990186691284, 0.19842347502708435, 0.13820971548557281]", anger       , none     , "[""ANGER"", ""SADNESS"", ""FEAR""]"
8a68a1c4-ddaf-4680-8740-c60804a08cf3, ma  , nu     , sad                    , sadness         ,  0.9858205318450928, "['sadness', 'surprise', 'neutral']", "[0.919236421585083, 0.04836713895201683, 0.018496882170438766]", sadness     , full     , 
b1af92a4-13a3-4ed0-8287-7ecac2ae3063, ma  , nu     , dio cane sono arrabiato, neutral         ,  0.9869094491004944, "['neutral', 'surprise', 'sadness']", "[0.7360641956329346, 0.116031214594841, 0.05727672949433327]"  , anger       , partial  , 
